crop,advisory,fertilizer_recommendation,irrigation_tip,best_practice
Rice,Maintain standing water during vegetative growth and monitor for blast disease.,Apply balanced NPK fertilizer in split doses.,Maintain 5 to 7 cm water level during growth.,Use certified seeds and practice crop rotation.
Maize,Avoid waterlogging and ensure proper drainage.,Apply nitrogen in three split applications.,Irrigate during tasseling and grain filling stages.,Maintain recommended plant spacing.
Cotton,Monitor for bollworm and leaf curl disease.,Use balanced fertilizer with adequate potassium.,Prefer drip irrigation wherever possible.,Use certified seeds and integrated pest management.
Sugarcane,Maintain adequate soil moisture throughout the growing period.,Apply organic manure along with nitrogen fertilizer.,Frequent irrigation during summer.,Use healthy seed setts and remove weeds regularly.
Groundnut,Avoid excessive irrigation during flowering.,Apply gypsum at flowering stage.,Light irrigation during flowering and pod formation.,Practice crop rotation to reduce disease.
Millets,Ideal for drought-prone regions.,Apply compost and moderate nitrogen fertilizer.,Minimal irrigation is sufficient.,Choose drought-resistant varieties.
Ragi,Performs well under low rainfall conditions.,Apply farmyard manure before sowing.,Irrigate only during prolonged dry spells.,Timely weeding improves yield.
Jowar,Avoid waterlogging during early growth.,Apply recommended nitrogen and phosphorus.,Irrigate during flowering if rainfall is inadequate.,Maintain optimum plant population.
Bajra,Suitable for dryland farming.,Use organic manure and nitrogen fertilizer.,Requires very little irrigation.,Grow drought-tolerant varieties.
Wheat,Maintain proper irrigation during grain filling.,Apply nitrogen in split doses.,Critical irrigation at crown root initiation stage.,Use disease-resistant varieties.
Barley,Avoid excessive nitrogen application.,Apply balanced fertilizer.,Limited irrigation is sufficient.,Harvest at physiological maturity.
Pigeonpeas,Intercrop with cereals for better productivity.,Use phosphorus-rich fertilizer.,Usually grown under rainfed conditions.,Monitor for pod borers.
Chickpea,Avoid excess irrigation after flowering.,Use Rhizobium inoculation before sowing.,Provide one irrigation during pod formation if needed.,Practice crop rotation.
Lentil,Ensure proper drainage.,Apply phosphorus fertilizer.,Limited irrigation during flowering.,Avoid water stagnation.
Blackgram,Use disease-free certified seeds.,Apply phosphorus and potash.,Minimal irrigation required.,Timely harvesting prevents shattering.
Green Gram,Ensure timely sowing for higher yield.,Apply balanced fertilizers.,Provide irrigation during flowering if dry.,Use resistant varieties.
Kidney Beans,Maintain adequate soil moisture.,Apply phosphorus-rich fertilizer.,Moderate irrigation during flowering.,Avoid waterlogging.
Soybean,Ensure proper inoculation with Rhizobium.,Balanced NPK fertilizer is recommended.,Avoid excess irrigation.,Practice timely weed management.
Mustard,Use sulfur-containing fertilizer.,Balanced nitrogen and phosphorus application.,One irrigation at flowering is beneficial.,Monitor aphid infestation.
Sesame,Avoid waterlogging.,Apply organic manure before sowing.,Requires minimal irrigation.,Harvest before capsule shattering.
Sunflower,Maintain balanced nutrition.,Apply boron if deficiency occurs.,Irrigate during flowering and seed filling.,Monitor head borer infestation.
Coffee,Provide shade and maintain soil moisture.,Apply organic manure regularly.,Maintain adequate moisture during dry months.,Regular pruning improves productivity.
Tea,Regular pruning improves yield.,Apply nitrogen-rich fertilizer.,Frequent light irrigation during dry periods.,Maintain proper drainage.
Coconut,Maintain basin irrigation.,Apply compost and potassium fertilizer.,Irrigate every 7 to 10 days during summer.,Remove dried leaves regularly.
Arecanut,Maintain adequate soil moisture.,Apply balanced NPK fertilizer.,Regular irrigation is necessary.,Provide shade for young plants.
Cashew,Avoid waterlogging.,Apply organic manure annually.,Minimal irrigation after establishment.,Prune dead branches regularly.
Banana,Requires regular potassium application.,Apply balanced fertilizer every month.,Frequent irrigation is essential.,Support plants to prevent lodging.
Mango,Avoid excess irrigation during flowering.,Apply organic manure after harvest.,Irrigate during fruit development.,Prune diseased branches annually.
Orange,Ensure proper drainage.,Balanced fertilizer with micronutrients.,Regular irrigation during fruit development.,Monitor citrus psylla.
Papaya,Protect plants from waterlogging.,Apply compost every two months.,Maintain uniform soil moisture.,Remove infected plants immediately.
Pomegranate,Avoid excess irrigation during fruit maturity.,Apply potassium-rich fertilizer.,Drip irrigation is preferred.,Regular pruning improves fruit quality.
Grapes,Train vines properly.,Apply balanced fertilizer based on soil test.,Drip irrigation is recommended.,Regular pruning is essential.
Apple,Apply organic manure during dormancy.,Balanced NPK fertilizer.,Maintain adequate irrigation during fruit development.,Annual pruning is essential.
Guava,Apply farmyard manure annually.,Balanced fertilizer application.,Moderate irrigation during flowering.,Prune regularly for better yield.
Watermelon,Avoid excessive irrigation near harvest.,Apply phosphorus-rich fertilizer.,Maintain uniform soil moisture.,Use mulch to conserve moisture..
Tomato,Monitor for early and late blight.,Apply calcium and balanced NPK.,Drip irrigation is highly recommended.,Stake plants for better growth.
Onion,Avoid waterlogging.,Apply sulfur-containing fertilizer.,Frequent light irrigation.,Harvest after neck fall.
Potato,Use certified disease-free seed tubers.,Balanced NPK with higher potassium.,Regular irrigation during tuber formation.,Earth up plants after emergence.
Brinjal,Monitor for shoot and fruit borer.,Apply compost and balanced fertilizer.,Maintain regular irrigation.,Remove infected shoots promptly.
Cabbage,Control cabbage butterfly infestation.,Apply nitrogen in split doses.,Regular irrigation is necessary.,Maintain field sanitation.
Cauliflower,Apply boron if deficiency appears.,Balanced fertilizer application.,Maintain adequate soil moisture.,Avoid overcrowding.
Chilli,Monitor for thrips and wilt disease.,Balanced fertilizer with potassium.,Drip irrigation improves yield.,Use resistant varieties.
Turmeric,Use healthy rhizomes for planting.,Apply farmyard manure and potash.,Maintain soil moisture throughout growth.,Mulching improves yield.
Ginger,Plant disease-free rhizomes.,Apply compost and balanced fertilizer.,Regular irrigation during dry periods.,Mulch immediately after planting.
Garlic,Ensure good drainage.,Balanced fertilizer with sulfur.,Regular irrigation before bulb formation.,Use healthy cloves.
Peas,Provide support for climbing varieties.,Apply phosphorus fertilizer.,Moderate irrigation.,Practice crop rotation.
Beans,Monitor for rust disease.,Balanced fertilizer application.,Regular irrigation during flowering.,Use certified seeds.
Cucumber,Maintain adequate spacing.,Balanced fertilizer application.,Frequent light irrigation.,Harvest fruits regularly.
Pumpkin,Provide sufficient vine space.,Apply compost before sowing.,Moderate irrigation.,Control fruit fly.
Bottle Gourd,Support vines using trellis.,Balanced fertilizer application.,Maintain regular irrigation.,Harvest tender fruits regularly.
Bitter Gourd,Use trellis for better growth.,Apply organic manure.,Drip irrigation is beneficial.,Remove diseased leaves.
Drumstick,Requires minimal fertilizer after establishment.,Apply compost annually.,Irrigate during dry periods.,Prune regularly to encourage branching.
Spinach,Harvest leaves regularly.,Apply nitrogen fertilizer.,Frequent light irrigation.,Avoid water stress.
Coriander,Maintain uniform soil moisture.,Apply organic manure.,Light irrigation every week.,Harvest before flowering for leaves.
Fenugreek,Use Rhizobium inoculation.,Apply phosphorus fertilizer.,Moderate irrigation.,Harvest at proper maturity.